product_id_upper,average_rating,review_count
P-003,5.0,30
P-001,4.9,30
P-020,4.888888888888889,27
P-013,4.8,30
P-019,4.4,30
P-014,4.222222222222222,27
P-007,4.2,30
P-018,4.2,30
P-010,4.1,30
P-012,3.9,30
P-005,3.8333333333333335,36
P-011,3.0,30
P-004,2.8,30
P-015,2.7,30
P-008,2.2,30
P-017,2.1,30
P-009,2.0,30
P-002,1.6363636363636365,33
P-006,1.3,30
P-016,1.0,27
,0.0,3
